Date,Open,High,Low,Close,Adj Close,Volume,SMA_10,SMA_30,EMA_10,EMA_30,Daily_Return,Volatility
2023-09-26,2338.550048828125,2350.199951171875,2335.60009765625,2342.5,2342.5,5043891,2402.235009765625,2449.963338216146,2387.5376710419614,2443.089273841644,0.0008759208147555153,0.00832470651371988
2023-09-27,2343.5,2371.800048828125,2338.5,2368.89990234375,2368.89990234375,5861389,2395.239990234375,2443.0183349609374,2384.148985824105,2438.3028627772637,0.01126996898345789,0.00916301337520791
2023-09-28,2383.0,2383.0,2325.0,2334.10009765625,2334.10009765625,7259173,2383.5449951171877,2434.9833414713544,2375.0491879754036,2431.5801037371984,-0.014690280772551745,0.009396796213712654
2023-09-29,2341.800048828125,2369.10009765625,2334.10009765625,2345.0,2345.0,6171007,2372.714990234375,2428.550008138021,2369.585699252603,2425.9942905928633,0.004669852143314168,0.00972140589346853
2023-10-03,2329.949951171875,2335.60009765625,2316.0,2318.14990234375,2318.14990234375,4429528,2358.744970703125,2420.595003255208,2360.2337361782656,2419.0365881251787,-0.011449935034648195,0.00967116997758931
2023-10-04,2309.0,2319.0,2295.10009765625,2314.14990234375,2314.14990234375,5143193,2346.5149658203127,2413.733333333333,2351.8548572992627,2412.269705171538,-0.001725513952292701,0.00968936944642317
2023-10-05,2319.25,2329.39990234375,2309.0,2314.10009765625,2314.10009765625,5476841,2339.7099853515624,2406.8900065104167,2344.9903555459873,2405.936182106036,-2.1521806970903334e-05,0.00764154383139649
2023-10-06,2317.050048828125,2324.800048828125,2312.050048828125,2318.0,2318.0,2715513,2335.02998046875,2400.0833414713543,2340.0830181739893,2400.262880034679,0.0016852781552967322,0.007591867907018549
2023-10-09,2308.10009765625,2311.949951171875,2295.0,2298.25,2298.25,3788439,2329.3599853515625,2394.031673177083,2332.4770148696275,2393.6814039034093,-0.008520276100086321,0.00785218074889081
2023-10-10,2306.550048828125,2317.89990234375,2303.75,2308.39990234375,2308.39990234375,5118016,2326.15498046875,2388.7,2328.0993580467407,2388.179371544722,0.004416361293919202,0.008001467156928337
2023-10-11,2314.449951171875,2349.699951171875,2313.0,2345.050048828125,2345.050048828125,4907059,2326.4099853515627,2385.4100016276043,2331.181301825174,2385.3968345952644,0.015876861910782303,0.009692430903581632
2023-10-12,2343.85009765625,2359.35009765625,2338.14990234375,2349.39990234375,2349.39990234375,6277225,2324.4599853515624,2383.0449951171877,2334.4937746467335,2383.0744518693605,0.0018549086053829544,0.008918756422596964
2023-10-13,2340.0,2357.5,2329.14990234375,2349.300048828125,2349.300048828125,5075158,2325.97998046875,2380.7533284505207,2337.1858244978953,2380.895458124765,-4.250171097963662e-05,0.007466931887499342
2023-10-16,2345.0,2354.550048828125,2336.0,2344.050048828125,2344.050048828125,2964518,2325.8849853515626,2378.654996744792,2338.4338652852093,2378.5183349443364,-0.002234708164509991,0.007375085322920926
2023-10-17,2356.0,2359.699951171875,2341.300048828125,2355.25,2355.25,3964090,2329.5949951171874,2376.741666666667,2341.491344324262,2377.017152044702,0.00477803414542044,0.006284403479374815
2023-10-18,2355.25,2367.0,2321.0,2324.0,2324.0,4459160,2330.5800048828123,2373.851668294271,2338.311099901669,2373.5966906224635,-0.013268230548774018,0.007833544982885948
2023-10-19,2312.0,2321.800048828125,2301.0,2306.14990234375,2306.14990234375,6016278,2329.7849853515627,2369.936661783854,2332.4636094365924,2369.2452849270626,-0.007680764912327831,0.008248484893403787
2023-10-20,2300.0,2314.699951171875,2296.300048828125,2299.10009765625,2299.10009765625,4456656,2327.8949951171876,2365.616666666667,2326.3975163856207,2364.719788974107,-0.003056958561251877,0.008257118557035113
2023-10-23,2290.0,2306.25,2255.25,2263.199951171875,2263.199951171875,3926981,2324.389990234375,2359.989998372396,2314.9070499831214,2358.170122019124,-0.015614868844106566,0.009241443797181568
2023-10-25,2250.050048828125,2281.199951171875,2243.0,2257.949951171875,2257.949951171875,5810344,2319.3449951171874,2353.648331705729,2304.5512138356216,2351.7043045451082,-0.0023197243342469864,0.009004983711011634
2023-10-26,2251.0,2258.0,2220.300048828125,2226.5,2226.5,7611267,2307.489990234375,2345.3783284505207,2290.360084047327,2343.626607477682,-0.013928542196230964,0.007098497948232145
2023-10-27,2240.0,2273.5,2235.949951171875,2265.800048828125,2265.800048828125,5885542,2299.1300048828125,2339.6099934895833,2285.894623098381,2338.6055391777104,0.017651043713507786,0.00999670676769575
2023-10-30,2274.0,2325.0,2269.949951171875,2312.5,2312.5,8406652,2295.45,2334.991658528646,2290.7319643532205,2336.9213108436647,0.02061079979057645,0.012601104006502266
2023-10-31,2328.0,2328.0,2282.89990234375,2287.89990234375,2287.89990234375,6404219,2289.8349853515624,2329.4783203125,2290.2170439878623,2333.7586393275415,-0.010637880067567607,0.012930939210889978
2023-11-01,2289.14990234375,2317.5,2275.199951171875,2297.39990234375,2297.39990234375,5154595,2284.0499755859373,2324.12998046875,2291.523018234387,2331.412914360845,0.004152279560075245,0.012894091800295823
2023-11-02,2313.949951171875,2324.300048828125,2307.949951171875,2320.199951171875,2320.199951171875,5281052,2283.669970703125,2320.25498046875,2296.737006041203,2330.6894973809117,0.009924283884954033,0.012809412181525388
2023-11-03,2327.199951171875,2334.949951171875,2315.75,2319.699951171875,2319.699951171875,4425078,2285.0249755859377,2318.1733154296876,2300.9120869740523,2329.9804943996837,-0.00021549866844339238,0.012532415203614464
2023-11-06,2332.300048828125,2340.0,2325.60009765625,2339.0,2339.0,5323652,2289.0149658203127,2317.3133138020835,2307.837162069679,2330.562397986801,0.008320062609121104,0.01267346213933554
2023-11-07,2334.050048828125,2339.10009765625,2319.550048828125,2323.800048828125,2323.800048828125,3480102,2295.0749755859374,2316.2749837239585,2310.739505116669,2330.1261173959188,-0.006498482758390378,0.011561103005778213
2023-11-08,2332.0,2341.0,2321.75,2335.89990234375,2335.89990234375,3942247,2302.869970703125,2316.1233154296874,2315.31412279432,2330.4986196506175,0.005206925407255536,0.011441960292940884
2023-11-09,2335.85009765625,2335.89990234375,2304.199951171875,2310.550048828125,2310.550048828125,7256805,2311.2749755859377,2315.058317057292,2314.447927527739,2329.2116150814245,-0.010852285875002532,0.010953483079756176
2023-11-10,2305.550048828125,2316.35009765625,2298.050048828125,2314.89990234375,2314.89990234375,3867477,2316.1849609375,2313.2583170572916,2314.5301047670137,2328.288278775768,0.0018826051908424901,0.00980760153300497
2023-11-13,2322.89990234375,2324.60009765625,2311.699951171875,2314.60009765625,2314.60009765625,1927405,2316.394970703125,2312.6083170572915,2314.5428307468746,2327.4051703164446,-0.0001295108644638887,0.007368927399566144
2023-11-15,2340.0,2361.949951171875,2327.0,2356.449951171875,2356.449951171875,6110324,2323.2499755859376,2312.989982096354,2322.1623071877834,2329.279027145827,0.01808081385549154,0.008255403406228894
2023-11-16,2351.10009765625,2374.14990234375,2346.949951171875,2360.699951171875,2360.699951171875,6567455,2329.57998046875,2314.4083170572917,2329.169151548527,2331.3061835346043,0.0018035604778647851,0.008251981130532014
2023-11-17,2352.89990234375,2373.25,2352.050048828125,2355.550048828125,2355.550048828125,3879317,2333.114990234375,2315.788321940104,2333.965678326636,2332.8703038761223,-0.0021815149956662117,0.007965938591528022
2023-11-20,2348.550048828125,2358.39990234375,2336.39990234375,2349.35009765625,2349.35009765625,2245093,2336.0800048828123,2316.9633219401044,2336.762845477475,2333.933516378066,-0.0026320608959081726,0.008061251605158264
2023-11-21,2366.0,2388.0,2360.199951171875,2378.89990234375,2378.89990234375,4107225,2340.0699951171873,2318.9933186848957,2344.4241285440703,2336.8345735371427,0.012577863434223513,0.00856964889265174
2023-11-22,2375.0,2394.449951171875,2372.199951171875,2388.199951171875,2388.199951171875,4267407,2346.5099853515626,2321.991650390625,2352.383369021853,2340.148468868416,0.0039093905628238,0.008077726430578762
2023-11-23,2388.199951171875,2400.0,2388.199951171875,2395.5,2395.5,4265771,2352.4699951171874,2324.894986979167,2360.2227564724253,2343.719535393034,0.003056715927216569,0.008034049247224897
2023-11-24,2391.60009765625,2402.60009765625,2391.050048828125,2393.89990234375,2393.89990234375,3374743,2360.80498046875,2326.5233154296875,2366.345873903575,2346.956978422113,-0.0006679597813609162,0.006677023177075997
2023-11-28,2393.89990234375,2399.699951171875,2375.25,2394.39990234375,2394.39990234375,6896087,2368.75498046875,2328.0233154296875,2371.446606347243,2350.0178122235093,0.00020886420501975422,0.0067446563685311265
2023-11-29,2408.0,2411.949951171875,2398.050048828125,2400.699951171875,2400.699951171875,6265653,2377.3649658203126,2329.7366455078127,2376.7653963153575,2353.2876276395327,0.002631159825039253,0.006639700452419569
2023-11-30,2394.699951171875,2400.699951171875,2369.89990234375,2377.449951171875,2377.449951171875,14219992,2379.4649658203125,2330.8499755859375,2376.889860834724,2354.8464872222644,-0.009684675500014395,0.005684641596313199
2023-12-01,2378.0,2396.39990234375,2377.60009765625,2394.300048828125,2394.300048828125,7171421,2382.8249755859374,2332.151643880208,2380.055349560797,2357.3918782936107,0.007087466824672539,0.006013781885444459
2023-12-04,2450.0,2450.0,2398.60009765625,2420.199951171875,2420.199951171875,7795495,2389.2899658203123,2335.3583089192707,2387.3543680355383,2361.4440120276927,0.010817316884083272,0.006529065102690077
2023-12-05,2439.0,2440.85009765625,2421.64990234375,2437.75,2437.75,6346812,2398.1299560546877,2339.744978841146,2396.5172102108945,2366.3669789936484,0.00725148714246826,0.0063733285291970405
2023-12-06,2447.10009765625,2472.949951171875,2435.0,2461.10009765625,2461.10009765625,8211221,2406.3499755859375,2345.144978841146,2408.259553382777,2372.478793100913,0.009578544828735547,0.005967761910197691
2023-12-07,2460.0,2460.949951171875,2442.0,2457.050048828125,2457.050048828125,4071048,2413.2349853515625,2351.606648763021,2417.1305525546586,2377.9350031478302,-0.001645625398163153,0.006172068720934604
2023-12-08,2463.85009765625,2476.699951171875,2445.0,2455.75,2455.75,5102447,2419.2599853515626,2358.199983723958,2424.152270271993,2382.95532552539,-0.0005291096242606708,0.006263078059780506
2023-12-11,2456.0,2467.60009765625,2452.39990234375,2459.35009765625,2459.35009765625,3533069,2425.8050048828127,2365.9616536458334,2430.551875250949,2387.884020501575,0.0014659870329838398,0.006178753041651792
2023-12-12,2460.0,2464.949951171875,2420.14990234375,2424.050048828125,2424.050048828125,4598562,2428.77001953125,2371.2366536458335,2429.3697249922534,2390.217312651675,-0.014353405341421599,0.00821602888318354
2023-12-13,2422.0,2438.35009765625,2406.300048828125,2433.949951171875,2433.949951171875,5015591,2432.09501953125,2375.2849853515627,2430.202493388548,2393.038773201365,0.004084033804721221,0.008255682321401775
2023-12-14,2454.0,2474.949951171875,2442.64990234375,2464.14990234375,2464.14990234375,8486177,2440.7650146484375,2381.1599853515627,2436.374749562221,2397.626587984745,0.012407794645627135,0.007906271637155555
2023-12-15,2478.0,2500.0,2470.050048828125,2495.60009765625,2495.60009765625,7966076,2450.89501953125,2387.7666585286456,2447.142994670226,2403.947459576455,0.012763101499055018,0.008373066504509894
2023-12-18,2495.60009765625,2534.89990234375,2490.949951171875,2521.0,2521.0,7082594,2460.9750244140623,2394.459993489583,2460.571541093821,2411.499236377974,0.010177873597458253,0.008319047349928365
2023-12-19,2555.0,2573.89990234375,2525.199951171875,2558.10009765625,2558.10009765625,8410302,2473.0100341796874,2402.4066650390623,2478.3040059233535,2420.9573564604434,0.014716421125049672,0.008942801734705021
2023-12-20,2571.050048828125,2598.85009765625,2520.0,2527.14990234375,2527.14990234375,8868361,2479.6150146484374,2408.678328450521,2487.185077999789,2427.808488452915,-0.01209889923418428,0.010211084629463242
2023-12-21,2527.0,2573.5,2518.25,2562.550048828125,2562.550048828125,6882727,2490.1650146484376,2416.6366617838544,2500.8877999685774,2436.50149234809,0.014007932988677751,0.010661012943701517
2023-12-22,2559.60009765625,2580.89990234375,2547.64990234375,2565.050048828125,2565.050048828125,8270892,2501.09501953125,2424.275,2512.5536633975858,2444.7949476048666,0.0009755907015915888,0.01059626546180655
2023-12-26,2568.0,2591.949951171875,2562.699951171875,2578.050048828125,2578.050048828125,3732832,2512.9650146484373,2433.1916666666666,2524.462097112229,2453.392050909593,0.005068127230476227,0.01054599715147705
2023-12-27,2582.0,2599.89990234375,2573.10009765625,2586.85009765625,2586.85009765625,4602078,2529.24501953125,2442.2566731770835,2535.8053699384145,2462.0022474738935,0.003413451508486043,0.008201350729769824
2023-12-28,2589.800048828125,2612.0,2586.85009765625,2605.550048828125,2605.550048828125,6151318,2546.405029296875,2451.9550048828123,2548.4862206456346,2471.26339594836,0.007228849939475701,0.008156391779084156
2023-12-29,2611.10009765625,2614.0,2579.300048828125,2584.949951171875,2584.949951171875,5432292,2558.4850341796873,2459.571671549479,2555.1159898322235,2478.5980124143935,-0.007906237558367057,0.009098125919141402
2024-01-01,2580.550048828125,2606.85009765625,2573.14990234375,2590.25,2590.25,2015270,2567.9500244140627,2467.22333984375,2561.50399168091,2485.8013664521745,0.0020503487217313765,0.008682025639890924
2024-01-02,2585.0,2615.0,2573.0,2611.699951171875,2611.699951171875,3724400,2577.02001953125,2475.761669921875,2570.630529770176,2493.9238557889294,0.008281035101582956,0.00854596508707761
2024-01-03,2610.0,2634.0,2577.199951171875,2583.300048828125,2583.300048828125,4518768,2579.5400146484376,2483.5600016276044,2572.934078689803,2499.6900617914584,-0.01087410608979289,0.00866917328914287
2024-01-04,2588.0,2609.85009765625,2579.10009765625,2596.64990234375,2596.64990234375,4806389,2586.4900146484374,2490.8183349609376,2577.246046626884,2505.9455353754774,0.005167751814846744,0.007392652894844528
2024-01-05,2602.89990234375,2619.85009765625,2598.0,2607.699951171875,2607.699951171875,4043203,2591.0050048828125,2498.135001627604,2582.783120180519,2512.5103363946,0.004255501990526822,0.006304373706820541
2024-01-08,2610.0,2631.949951171875,2568.949951171875,2587.35009765625,2587.35009765625,3867326,2593.235009765625,2504.5300048828126,2583.6134797215605,2517.3387080889,-0.007803755760504516,0.0069996387745208275
2024-01-09,2600.0,2606.800048828125,2577.199951171875,2580.5,2580.5,2701537,2593.4800048828124,2510.750008138021,2583.047392499458,2521.413630147681,-0.002647534117031669,0.0069123832008856825
2024-01-10,2577.0,2659.0,2575.050048828125,2650.10009765625,2650.10009765625,5551370,2599.8050048828127,2519.2733479817707,2595.2387934370563,2529.7159828901695,0.026971554991765068,0.010979038610973954
2024-01-11,2659.0,2725.0,2657.0,2719.800048828125,2719.800048828125,11862926,2611.2300048828124,2529.910017903646,2617.8862944172506,2541.979471015199,0.0263008749116751,0.013306865565103595
2024-01-12,2719.800048828125,2746.64990234375,2691.5,2741.449951171875,2741.449951171875,7506082,2626.8800048828125,2542.043351236979,2640.352413827182,2554.848534251114,0.007960108079664963,0.012606700060624676
2024-01-15,2750.0,2792.89990234375,2732.0,2788.25,2788.25,4305297,2646.6800048828127,2555.175016276042,2667.2428840404214,2569.9066933316876,0.017071276026074944,0.012977701544311538
2024-01-16,2779.949951171875,2792.60009765625,2741.0,2749.25,2749.25,4534512,2660.435009765625,2566.143351236979,2682.153268760345,2581.4772292457724,-0.01398726799964134,0.014628277253888055
2024-01-17,2719.0,2772.550048828125,2710.050048828125,2723.14990234375,2723.14990234375,6098691,2674.4199951171877,2575.6566813151044,2689.6072021391456,2590.6174017037065,-0.009493533747840344,0.01446488654664331
2024-01-18,2702.800048828125,2742.0,2702.5,2735.89990234375,2735.89990234375,5139719,2688.3449951171874,2584.8166748046874,2698.024056721801,2599.990466261129,0.0046820779087579645,0.01446649176283544
2024-01-19,2752.0,2752.0,2718.0,2734.89990234375,2734.89990234375,5211352,2701.064990234375,2594.078336588542,2704.7287559257916,2608.694300847105,-0.00036551044836963253,0.014578035114552978
2024-01-23,2743.5,2743.5,2645.10009765625,2657.14990234375,2657.14990234375,10027710,2708.044970703125,2600.7916666666665,2696.078055274511,2611.8204686855984,-0.0284288283945493,0.01769580047765783
2024-01-24,2670.449951171875,2699.0,2647.85009765625,2687.75,2687.75,10959564,2718.769970703125,2608.404996744792,2694.5638634064176,2616.7191481252376,0.011516135250502435,0.017777412466778147
2024-01-25,2685.89990234375,2728.300048828125,2670.39990234375,2706.14990234375,2706.14990234375,5904436,2724.374951171875,2617.8083251953126,2696.670415940478,2622.4888742038515,0.006845838468514609,0.015962431919343937
2024-01-29,2729.0,2905.0,2720.35009765625,2896.10009765625,2896.10009765625,11946719,2742.0049560546877,2633.213330078125,2732.9303580706182,2640.1412112007806,0.0701920448486566,0.026123058166968922
2024-01-30,2919.89990234375,2919.949951171875,2808.85009765625,2815.25,2815.25,7046989,2749.3849609375,2644.9166666666665,2747.897565694142,2651.4385524136337,-0.027916886478364544,0.028289224946492168
2024-01-31,2808.0,2868.5,2805.0,2853.25,2853.25,7565113,2755.8849609375,2656.838330078125,2767.0525537497524,2664.4586458063027,0.013497913151585106,0.028113921316652205
2024-02-01,2870.0,2886.699951171875,2836.10009765625,2853.300048828125,2853.300048828125,6674681,2766.2899658203123,2667.914998372396,2782.7339164912746,2676.6419621302916,1.7540989441844346e-05,0.027535700546167476
2024-02-02,2866.35009765625,2949.800048828125,2866.35009765625,2915.39990234375,2915.39990234375,9826294,2785.5149658203127,2679.824991861979,2806.855004828088,2692.0457002085795,0.021764221236084236,0.027600930588824114
2024-02-05,2921.5,2941.0,2863.050048828125,2878.050048828125,2878.050048828125,4407216,2799.72998046875,2691.521663411458,2819.79955828264,2704.0459807646794,-0.012811228224847926,0.02832181382749493
2024-02-06,2883.699951171875,2883.699951171875,2839.64990234375,2855.60009765625,2855.60009765625,4523992,2811.8,2701.289998372396,2826.3087472596603,2713.823665725426,-0.007800403325514127,0.0285872365228779
2024-02-07,2871.85009765625,2899.0,2858.5,2884.300048828125,2884.300048828125,4648284,2834.5150146484375,2711.9316650390624,2836.8526202721087,2724.822142054633,0.010050409787921932,0.026117394960621505
2024-02-08,2900.0,2918.949951171875,2855.050048828125,2900.25,2900.25,7347317,2855.7650146484375,2722.671663411458,2848.3794165862705,2736.140068373689,0.005529920917331621,0.02611009047159346
2024-02-09,2908.0,2943.949951171875,2901.89990234375,2921.5,2921.5,6278399,2877.3000244140626,2733.82666015625,2861.674068116039,2748.0987736399024,0.007326954572881572,0.02610829977669224
2024-02-12,2921.5,2922.0,2884.699951171875,2904.699951171875,2904.699951171875,3337215,2878.160009765625,2743.7983235677084,2869.496955944373,2758.202075416159,-0.005750487362014334,0.01444152047819416
2024-02-13,2911.0,2958.0,2908.0,2930.199951171875,2930.199951171875,3857797,2889.6550048828126,2755.3066569010416,2880.533864167555,2769.298712561689,0.008778875762955218,0.010600811061319127
2024-02-14,2915.0,2967.300048828125,2915.0,2962.75,2962.75,3558944,2900.6050048828124,2767.723323567708,2895.4822525007266,2781.779440783516,0.011108473609491076,0.010389269926255933
2024-02-15,2966.699951171875,2969.449951171875,2933.050048828125,2941.199951171875,2941.199951171875,5003391,2909.3949951171876,2778.7066569010417,2903.794561350026,2792.0646350021198,-0.007273664274111913,0.01092778168094981
2024-02-16,2952.949951171875,2954.0,2917.10009765625,2921.14990234375,2921.14990234375,4883749,2909.9699951171874,2789.9683186848956,2906.9500778943393,2800.3927167660963,-0.006816962179037267,0.009083639490347616
2024-02-19,2924.10009765625,2959.0,2907.050048828125,2948.0,2948.0,3364914,2916.964990234375,2801.6799886067706,2914.4137000953683,2809.915767297316,0.00919161924374623,0.00819385051927619
2024-02-20,2950.050048828125,2951.0,2923.60009765625,2942.050048828125,2942.050048828125,3558748,2925.6099853515625,2812.824991861979,2919.4384907740514,2818.4405596541424,-0.0020183009402561236,0.007571759671783472
2024-02-21,2948.0,2977.050048828125,2915.10009765625,2935.39990234375,2935.39990234375,6360146,2930.719970703125,2824.426652018229,2922.3405656049054,2825.9863236986334,-0.0022603784347665634,0.0072961477745577125
2024-02-22,2936.300048828125,2969.89990234375,2916.0,2963.5,2963.5,9246864,2937.044970703125,2837.193318684896,2929.8240991312864,2834.8581737825925,0.009572834568064792,0.0076312429545349145
2024-02-23,2979.0,2995.10009765625,2966.699951171875,2987.25,2987.25,7219292,2943.619970703125,2848.431648763021,2940.2651720165068,2844.689904506296,0.008014172431246802,0.00768558475128957
2024-02-26,2987.10009765625,2989.050048828125,2965.0,2974.64990234375,2974.64990234375,3756553,2950.6149658203126,2856.9266438802083,2946.516941166915,2853.0744204958096,-0.0042179588773119114,0.007521758003729645
2024-02-27,2966.050048828125,2999.89990234375,2956.10009765625,2971.300048828125,2971.300048828125,5413022,2954.7249755859375,2864.588313802083,2951.02296074168,2860.701880388217,-0.0011261337050070264,0.007236329328174322
2024-02-28,2966.0,2982.550048828125,2900.35009765625,2911.25,2911.25,4323975,2949.5749755859374,2868.6883138020835,2943.7915133341016,2863.963049395429,-0.02021002518806836,0.009110568131464445
2024-02-29,2930.0,2957.949951171875,2909.050048828125,2921.60009765625,2921.60009765625,11814488,2947.614990234375,2874.433317057292,2939.756710483583,2867.681568638063,0.003555207438814989,0.00901948932421639
2024-03-01,2927.0,3000.0,2925.0,2984.25,2984.25,6066463,2953.925,2883.136653645833,2947.846399486568,2875.2021125968977,0.021443695320933376,0.011062216729512856
2024-03-04,2980.949951171875,3024.89990234375,2974.449951171875,3014.800048828125,3014.800048828125,5012210,2960.6050048828124,2892.4333251953126,2960.019790275942,2884.2084310634286,0.010237094354737408,0.011140357820039267
2024-03-05,3011.550048828125,3014.800048828125,2972.10009765625,3000.39990234375,3000.39990234375,3553834,2966.439990234375,2901.2833251953125,2967.3616288337253,2891.704655016998,-0.004776484758905464,0.011292233834538099
2024-03-06,2986.89990234375,3018.0,2957.0,3006.0,3006.0,3902838,2973.5,2912.911661783854,2974.3867872275932,2899.078548241708,0.0018664504194509934,0.0111932685140221
2024-03-07,3005.949951171875,3006.199951171875,2951.10009765625,2957.85009765625,2957.85009765625,4157863,2972.935009765625,2921.914998372396,2971.38011639644,2902.8702611071626,-0.01601793158474718,0.012255256997518962
2024-03-11,2978.0,2978.0,2927.0,2933.199951171875,2933.199951171875,5638565,2967.5300048828126,2929.483333333333,2964.4382681737916,2904.827015304886,-0.008333805186377496,0.01213898113790981
2024-03-12,2933.199951171875,2976.0,2930.050048828125,2950.85009765625,2950.85009765625,4716339,2965.1500244140625,2931.3083333333334,2961.9676917160564,2907.796246424329,0.00601736900933858,0.012338387783644328
2024-03-13,2959.550048828125,2966.199951171875,2855.550048828125,2864.35009765625,2864.35009765625,6761067,2954.455029296875,2932.945003255208,2944.219038250637,2904.9932690844535,-0.029313586640237532,0.015301715018089121
2024-03-14,2879.39990234375,2897.050048828125,2851.0,2862.949951171875,2862.949951171875,9285551,2949.6250244140624,2933.2683349609374,2929.4428405999524,2902.2807969610617,-0.0004888182088916837,0.014143433571489557
2024-03-15,2851.89990234375,2866.449951171875,2825.800048828125,2836.449951171875,2836.449951171875,9611909,2941.110009765625,2932.7066650390625,2912.53504252212,2898.033645619824,-0.009256186958194301,0.014206583094717371
2024-03-18,2840.0,2883.449951171875,2833.050048828125,2878.949951171875,2878.949951171875,4584696,2930.5800048828123,2931.491666666667,2906.428662276621,2896.802439526408,0.014983518387990946,0.013080785289027203
2024-03-19,2857.5,2875.199951171875,2834.5,2850.5,2850.5,4137882,2914.15,2930.5733317057293,2896.259814589962,2893.815185363414,-0.009882058269298666,0.01225278146363218
2024-03-20,2855.89990234375,2890.0,2848.050048828125,2887.5,2887.5,4244403,2902.860009765625,2931.6366617838544,2894.6671210281506,2893.4077540496455,0.012980178915979579,0.013586575170942954
2024-03-21,2905.050048828125,2915.800048828125,2889.35009765625,2901.949951171875,2901.949951171875,6503468,2892.4550048828123,2932.224991861979,2895.991271963373,2893.9588635414025,0.0050043120941558605,0.013765615267474985
2024-03-22,2899.949951171875,2920.0,2894.699951171875,2910.050048828125,2910.050048828125,9763804,2887.675,2932.55166015625,2898.5474132115096,2894.9970045276427,0.002791260287924313,0.013124723598979112
2024-03-26,2890.0,2904.800048828125,2878.0,2883.14990234375,2883.14990234375,5707953,2882.6699951171877,2931.2733235677083,2895.7478657810075,2894.2326753544885,-0.009243877607949647,0.013180029674645608
2024-03-27,2896.0,3000.0,2894.0,2985.699951171875,2985.699951171875,8163322,2886.15498046875,2933.973323567708,2912.1027903975287,2900.1337899233527,0.03556875372479262,0.01764461795776306
2024-03-28,2985.75,3011.89990234375,2957.300048828125,2971.699951171875,2971.699951171875,10927182,2896.8899658203127,2935.356656901042,2922.938637811046,2904.750961616806,-0.004689017727486311,0.0142957876031353
2024-04-01,2984.949951171875,2987.949951171875,2965.0,2969.550048828125,2969.550048828125,2506940,2907.5499755859373,2935.5833251953127,2931.4134398141514,2908.931547888504,-0.0007234587539372006,0.014303757145545989
2024-04-02,2968.0,2988.0,2950.0,2973.89990234375,2973.89990234375,4455083,2921.294970703125,2936.6733235677084,2939.138251183169,2913.123054627553,0.0014648190615078605,0.013605034623864514
2024-04-03,2964.14990234375,2968.89990234375,2937.800048828125,2943.199951171875,2943.199951171875,3504146,2927.719970703125,2937.4083251953125,2939.8767420902063,2915.063499565896,-0.010323128612257704,0.013856898773969801
2024-04-04,2959.5,2959.5,2900.0,2925.85009765625,2925.85009765625,7245136,2935.25498046875,2936.6699951171877,2937.326443102214,2915.7594091201127,-0.005894894605688261,0.013520882773023827
2024-04-05,2921.75,2941.60009765625,2912.0,2920.199951171875,2920.199951171875,3721149,2938.5249755859377,2935.941658528646,2934.2125354785157,2916.0458957040973,-0.0019311127692088759,0.013075273092982518
2024-04-08,2925.949951171875,2981.949951171875,2922.0,2971.949951171875,2971.949951171875,4178559,2945.5249755859377,2937.1599934895835,2941.073883786399,2919.6526089600834,0.01772138924227873,0.014066966190511955
2024-04-09,2978.0,2979.60009765625,2925.0,2927.300048828125,2927.300048828125,3535707,2947.2499755859376,2935.953328450521,2938.569550157622,2920.1459921773762,-0.015023773306190424,0.015111630265790517
2024-04-10,2932.699951171875,2974.0,2932.699951171875,2959.14990234375,2959.14990234375,4569165,2954.8499755859375,2935.0166585286456,2942.3114323732816,2922.662373478433,0.01088028319077683,0.014980767868120061
2024-04-12,2951.75,2972.949951171875,2926.14990234375,2934.300048828125,2934.300048828125,7775506,2949.7099853515624,2933.671663411458,2940.854817183253,2923.4131912429293,-0.008397632541677913,0.00983049250299082
2024-04-15,2922.0,2964.25,2892.64990234375,2929.64990234375,2929.64990234375,6451031,2945.50498046875,2932.2833251953125,2938.817559939707,2923.815559701047,-0.0015847549354170987,0.009774177037408864
2024-04-16,2906.699951171875,2942.35009765625,2901.85009765625,2931.5,2931.5,4683092,2941.6999755859374,2932.9583251953127,2937.4870944961235,2924.311330042915,0.0006315081043539728,0.009793680951543756
2024-04-18,2927.0,2972.0,2918.699951171875,2928.64990234375,2928.64990234375,9502846,2937.1749755859373,2933.193318684896,2935.880332286601,2924.5912379332917,-0.0009722318458980084,0.009748957117543025
2024-04-19,2913.550048828125,2948.0,2886.050048828125,2940.25,2940.25,7870889,2936.87998046875,2931.7266520182293,2936.6748173254005,2925.601480647273,0.003960902819748702,0.009349082917283577
2024-04-22,2944.89990234375,2965.64990234375,2935.60009765625,2959.699951171875,2959.699951171875,5175181,2940.2649658203127,2929.8899820963543,2940.861205297487,2927.801381971441,0.006615067144588149,0.009318646699231018
2024-04-23,2958.0,2987.0,2911.10009765625,2918.64990234375,2918.64990234375,7302777,2940.1099609375,2927.1649820963544,2936.8227865786253,2927.2109639309447,-0.013869665677384457,0.01045802732725052
2024-04-24,2927.0,2937.10009765625,2899.0,2900.35009765625,2900.35009765625,5231388,2932.9499755859374,2923.643318684896,2930.191388592739,2925.478004816448,-0.006269955390266202,0.008510467882937628
2024-04-25,2885.0,2935.949951171875,2883.0,2919.949951171875,2919.949951171875,7971963,2932.2149658203125,2922.37998046875,2928.3293090616726,2925.1213561942177,0.0067577543591939015,0.007666997665408125
2024-04-26,2927.89990234375,2930.0,2900.0,2905.10009765625,2905.10009765625,4706924,2926.8099853515623,2921.443318684896,2924.1058160788684,2923.829662094994,-0.005085653440623283,0.006698733501565898
2024-04-29,2900.0,2935.800048828125,2900.0,2930.050048828125,2930.050048828125,3623987,2926.3849853515626,2920.7499837239584,2925.186585669642,2924.2309773680995,0.008588327538870066,0.00699303487323709
2024-04-30,2936.0,2966.14990234375,2925.75,2934.0,2934.0,5737131,2926.8199951171873,2923.0716471354167,2926.789024638798,2924.861236892739,0.0013480831747070265,0.006986409610096862
2024-05-02,2944.0,2954.64990234375,2928.25,2933.10009765625,2933.10009765625,7256323,2926.9800048828124,2925.4099853515627,2927.9364924601527,2925.3927762968365,-0.0003067151819189373,0.006985829233744189
2024-05-03,2942.0,2949.89990234375,2832.300048828125,2868.0,2868.0,8613479,2920.9150146484376,2926.4616536458334,2917.0389483764884,2921.6900165357506,-0.022194979880935328,0.009939252388239578
2024-05-06,2871.0,2880.0,2836.0,2839.050048828125,2839.050048828125,3697104,2910.79501953125,2925.131656901042,2902.859148458604,2916.358405715904,-0.010094125234266005,0.009989119622076452
2024-05-07,2831.949951171875,2841.5,2784.0,2802.949951171875,2802.949951171875,7258736,2895.12001953125,2923.5466552734374,2884.693839861017,2909.041731229193,-0.012715555215784602,0.009690627636612043
2024-05-08,2795.0,2865.89990234375,2795.0,2837.10009765625,2837.10009765625,4719501,2886.9650390625,2921.866658528646,2876.0404321874225,2904.4003355148097,0.012183644759727885,0.010614065333279228
2024-05-09,2826.0,2847.5,2780.0,2788.25,2788.25,5504806,2875.755029296875,2918.07666015625,2860.078535426073,2896.9067654815963,-0.01721832010671931,0.01153857193288567
2024-05-10,2793.5,2820.0,2776.14990234375,2814.85009765625,2814.85009765625,5252548,2865.2450439453123,2914.903328450521,2851.855183104287,2891.6127869122192,0.009540069095758996,0.011852685267000049
2024-05-13,2799.800048828125,2813.949951171875,2768.0,2805.39990234375,2805.39990234375,4228310,2855.2750244140625,2912.311661783854,2843.408768420553,2886.050665327157,-0.003357264147163197,0.011841137689515934
2024-05-14,2801.949951171875,2854.14990234375,2800.050048828125,2840.14990234375,2840.14990234375,3594150,2846.285009765625,2907.459993489583,2842.816247315679,2883.0893257798402,0.012386825839328042,0.01232047174705339
2024-05-15,2841.0,2859.949951171875,2826.050048828125,2832.550048828125,2832.550048828125,2523267,2836.1400146484375,2902.8216634114583,2840.949665772487,2879.8287272668263,-0.002675863520215427,0.012226480906095466
2024-05-16,2837.10009765625,2855.0,2796.050048828125,2850.699951171875,2850.699951171875,7355887,2827.9,2898.8599934895833,2842.722444936012,2877.9494513897325,0.006407619293879341,0.012596743985340199
2024-05-17,2846.10009765625,2874.39990234375,2826.5,2871.39990234375,2871.39990234375,5458238,2828.239990234375,2895.443326822917,2847.936528101055,2877.526899838379,0.007261357395177859,0.010877376659464737
2024-05-21,2851.199951171875,2883.64990234375,2851.199951171875,2872.25,2872.25,5588064,2831.5599853515623,2893.078328450521,2852.357159355409,2877.1864546875163,0.000296056866045058,0.010266914124518996
2024-05-22,2872.550048828125,2937.550048828125,2872.550048828125,2921.300048828125,2921.300048828125,5140802,2843.3949951171876,2892.92666015625,2864.89223016863,2880.0324930191687,0.017077221282313593,0.010097971932804444
2024-05-23,2917.10009765625,2984.449951171875,2910.0,2972.10009765625,2972.10009765625,7304130,2856.8949951171876,2894.6566650390623,2884.384569711833,2885.9723384796257,0.017389534788972982,0.010673639206461106
2024-05-24,2967.25,2977.0,2952.199951171875,2960.5,2960.5,3547388,2874.1199951171875,2894.275,2898.2237388551357,2890.780574706747,-0.0039029969634595263,0.008171240923736474
2024-05-27,2960.449951171875,2969.800048828125,2923.10009765625,2932.5,2932.5,3314505,2885.8849853515626,2894.4483317057293,2904.4557863360196,2893.472150532118,-0.009457861847660842,0.009385860658254816
2024-05-28,2936.0,2957.0,2905.5,2912.39990234375,2912.39990234375,3910081,2896.5849853515624,2892.889998372396,2905.9001710646976,2894.6932958102884,-0.00685425325021316,0.009754249157756627
2024-05-29,2893.0,2916.0,2876.89990234375,2881.550048828125,2881.550048828125,3691778,2900.725,2891.1316650390627,2901.4728761125934,2893.8453443920844,-0.010592588432240535,0.01020121728480996
2024-05-30,2871.0,2880.800048828125,2840.199951171875,2849.699951171875,2849.699951171875,6603429,2902.439990234375,2888.4666666666667,2892.059617032463,2890.9972545069095,-0.011053112774911833,0.010901690669749626
2024-05-31,2862.60009765625,2884.5,2844.5,2860.800048828125,2860.800048828125,15534916,2903.45,2886.110001627604,2886.376059177129,2889.0490476889236,0.00389518119326393,0.01078273922317125
2024-06-03,2966.0,3029.0,2918.0,3020.64990234375,3020.64990234375,10763971,2918.375,2889.1766682942707,2910.7894852074232,2897.53942540859,0.05587592658952323,0.02065591278229765
2024-06-04,2996.10009765625,2996.10009765625,2718.60009765625,2794.550048828125,2794.550048828125,18354549,2910.6050048828124,2884.320003255208,2889.655042229369,2890.894949500173,-0.07485139318535128,0.03277800757500045
2024-06-05,2844.0,2862.300048828125,2768.199951171875,2841.5,2841.5,8732445,2902.625,2880.3800048828125,2880.899580005847,2887.7081785646783,0.01680054046323609,0.032759994911276055
2024-06-06,2870.0,2887.39990234375,2842.699951171875,2863.199951171875,2863.199951171875,8927861,2891.7349853515625,2878.531673177083,2877.6814656723973,2886.1270026038524,0.007636794359273225,0.03225073909130476
2024-06-07,2857.0,2944.0,2853.0,2939.89990234375,2939.89990234375,9279348,2889.6749755859373,2879.85,2888.9939087035523,2889.5962219419102,0.02678819240007413,0.033613301497391924
2024-06-10,2939.89990234375,2986.699951171875,2936.14990234375,2942.800048828125,2942.800048828125,4625880,2890.70498046875,2880.611669921875,2898.776843271656,2893.028726902311,0.000986477968880184,0.03345492179601495
2024-06-11,2938.0,2947.35009765625,2909.35009765625,2913.35009765625,2913.35009765625,5887451,2890.8,2880.886669921875,2901.426525887037,2894.3397830799845,-0.010007459114866668,0.03355046589775139
2024-06-12,2915.0,2952.0,2910.35009765625,2926.64990234375,2926.64990234375,5040871,2895.3099853515623,2880.773331705729,2906.0125943337116,2896.4243069034533,0.0045651240811048766,0.03333292862261928
2024-06-13,2944.0,2944.5,2920.199951171875,2930.5,2930.5,4590580,2903.389990234375,2880.6566650390623,2910.4648499094005,2898.622738716134,0.0013155306526984045,0.03302014473005717
2024-06-14,2940.0,2959.35009765625,2914.449951171875,2955.10009765625,2955.10009765625,4078999,2912.8199951171873,2881.389998372396,2918.5803494997367,2902.2664392929155,0.00839450525720875,0.03305977843274953
2024-06-18,2974.699951171875,2974.800048828125,2942.699951171875,2962.050048828125,2962.050048828125,3598383,2906.960009765625,2884.525,2926.483931195807,2906.1234463597034,0.0023518496640391184,0.027557910446182304
2024-06-19,2975.0,2975.0,2912.0,2917.300048828125,2917.300048828125,4362937,2919.235009765625,2887.133333333333,2924.814134401683,2906.8445174866984,-0.015107779835693336,0.011995121529458471
2024-06-20,2918.0,2965.699951171875,2900.199951171875,2947.39990234375,2947.39990234375,8056888,2929.825,2891.9483317057293,2928.9206376638767,2909.460993929089,0.010317709187204205,0.011409700988460747
2024-06-21,2947.25,2949.39990234375,2881.14990234375,2908.39990234375,2908.39990234375,15585180,2934.3449951171874,2894.324991861979,2925.1895948783995,2909.3925364074544,-0.013232001524118742,0.012473441992473895
2024-06-24,2891.050048828125,2899.0,2875.0,2882.949951171875,2882.949951171875,4439193,2928.65,2897.481656901042,2917.5096596590315,2907.686563166449,-0.008750499252653032,0.009124532682420645
2024-06-25,2886.0,2911.85009765625,2882.0,2908.300048828125,2908.300048828125,3522693,2925.2,2900.5966552734376,2915.835184962503,2907.726142886557,0.008793110558837691,0.009715339560851065
2024-06-26,2892.10009765625,3037.949951171875,2890.25,3028.050048828125,3028.050048828125,11007441,2936.6699951171877,2908.0183268229166,2936.237887483525,2915.4889755279487,0.04117525633170227,0.015982845236156024
2024-06-27,3027.5,3075.0,3012.0,3061.10009765625,3061.10009765625,14191515,2950.1150146484374,2915.383333333333,2958.940107514929,2924.8832414717103,0.01091463096553369,0.016133981491810796
2024-06-28,3062.050048828125,3162.0,3062.050048828125,3130.800048828125,3130.800048828125,14478668,2970.14501953125,2925.325,2990.1873695718737,2938.1681967850277,0.022769575952528154,0.017046756017626244
2024-07-01,3125.050048828125,3158.800048828125,3111.35009765625,3120.300048828125,3120.300048828125,3862153,2986.6650146484376,2934.311669921875,3013.844220345737,2949.9186388523244,-0.003353775340565135,0.017324368135424765
2024-07-02,3139.0,3147.0,3114.0,3130.35009765625,3130.35009765625,3874623,3003.49501953125,2942.9433430989584,3035.0271071294665,2961.559378129997,0.0032208597477345613,0.017308504916569267
2024-07-03,3132.64990234375,3150.0,3085.550048828125,3104.85009765625,3104.85009765625,4524810,3022.2500244140624,2950.6966796875,3047.722196316154,2970.803940680078,-0.008146053701498901,0.01650088941326602
2024-07-04,3114.0,3135.0,3101.60009765625,3108.050048828125,3108.050048828125,3418588,3038.3150390625,2956.9216796875,3058.690896772876,2979.658528302533,0.00103062984402702,0.016515413722031577
2024-07-05,3107.64990234375,3197.0,3096.0,3177.25,3177.25,6134855,3065.200048828125,2963.760009765625,3080.2470973596255,2992.4063651862407,0.022264748020375924,0.015857358269546436
2024-07-08,3178.0,3217.60009765625,3165.050048828125,3201.800048828125,3201.800048828125,4750403,3097.08505859375,2971.8033447265625,3102.347633990262,3005.9156350986204,0.007726823142064632,0.0146164347295342
2024-07-09,3195.199951171875,3201.0,3161.0,3180.550048828125,3180.550048828125,3480001,3124.31005859375,2980.0716796875,3116.566254869873,3017.182371468266,-0.006636891647177512,0.015613455810907414
2024-07-10,3190.0,3195.0,3126.300048828125,3168.449951171875,3168.449951171875,3567289,3138.350048828125,2988.606681315104,3125.9996541975097,3026.9415701588214,-0.0038044041032173626,0.0112006794506442
2024-07-11,3175.0,3208.5,3141.0,3161.300048828125,3161.300048828125,5970473,3148.3700439453123,2997.931681315104,3132.4179077667122,3035.6098591052287,-0.002256593114593919,0.011149741745335217
2024-07-12,3169.0,3210.300048828125,3149.0,3193.449951171875,3193.449951171875,6462392,3154.6350341796874,3009.3900146484375,3143.514642931287,3045.793090851464,0.010169835778691017,0.00925346292231612
2024-07-15,3208.89990234375,3211.699951171875,3171.0,3194.449951171875,3194.449951171875,2664844,3162.0500244140626,3020.511678059896,3152.775608065939,3055.3838560334266,0.0003131409651913053,0.009087961093767548
2024-07-16,3187.0,3200.0,3138.25,3152.5,3152.5,4693419,3164.2650146484375,3024.9066813151044,3152.725497508495,3061.6494137086897,-0.013132135989949001,0.010310539925971291
2024-07-18,3152.0,3187.800048828125,3115.64990234375,3173.35009765625,3173.35009765625,6149187,3171.1150146484374,3037.533349609375,3156.4754248080867,3068.8559094472425,0.0066138295499602595,0.009945063052790581
2024-07-19,3172.0,3179.949951171875,3105.60009765625,3110.300048828125,3110.300048828125,6570195,3171.3400146484373,3046.4933512369794,3148.079901902639,3071.5297248911706,-0.019868607902636448,0.012171572659463455
2024-07-22,3074.5,3075.0,2998.550048828125,3001.35009765625,3001.35009765625,9837188,3153.7500244140624,3051.098356119792,3121.4017556760227,3067.002007005047,-0.035028759110531604,0.013953453029743773
2024-07-23,3002.0,3011.5,2926.0,2975.800048828125,2975.800048828125,9026022,3131.1500244140625,3052.295027669271,3094.928718067314,3061.1180097033102,-0.00851285188225026,0.013153411146007208
2024-07-24,2970.0,3019.0,2952.800048828125,2991.39990234375,2991.39990234375,5956681,3112.235009765625,3053.9150227864584,3076.1052970266655,3056.6200672930163,0.005242238476932615,0.013734917544041492
2024-07-25,2962.0,3000.949951171875,2954.14990234375,2984.800048828125,2984.800048828125,6259938,3093.87001953125,3056.2966878255206,3059.504342808749,3051.9865177146366,-0.0022062759012775324,0.01377288971008393
2024-07-26,2984.800048828125,3024.85009765625,2980.699951171875,3018.050048828125,3018.050048828125,4929970,3079.54501953125,3059.343359375,3051.9671984486354,3049.7970681090555,0.011139774677052294,0.014777878593723336
2024-07-29,3023.89990234375,3055.0,3023.550048828125,3040.199951171875,3040.199951171875,3769275,3064.22001953125,3063.0000244140624,3049.8276989437695,3049.177899274399,0.007339143481848609,0.01448937720356175
2024-07-30,3034.050048828125,3050.0,3020.0,3026.300048828125,3026.300048828125,4114104,3047.405029296875,3065.373356119792,3045.5499443772883,3047.7019089230266,-0.004572035578907285,0.014379389310104065
2024-07-31,3008.0,3020.89990234375,3002.300048828125,3010.85009765625,3010.85009765625,5028673,3033.2400390625,3067.0000244140624,3039.2408813370994,3045.324372712267,-0.005105227810394353,0.014115125851195783
2024-08-01,3024.0,3036.0,3008.60009765625,3030.60009765625,3030.60009765625,5382111,3018.9650390625,3070.7766927083335,3037.6698297587627,3044.374419482847,0.00655960919986498,0.014110393732748557
2024-08-02,3010.0,3018.64990234375,2986.550048828125,2998.64990234375,2998.64990234375,5134124,3007.8000244140626,3072.4850260416665,3030.5752975014875,3041.4244506351633,-0.010542530945342854,0.01326471357227122
2024-08-05,2960.0,2967.800048828125,2866.5,2894.64990234375,2894.64990234375,8523352,2997.1300048828125,3072.0266927083335,3005.8615892909893,3031.9551249389433,-0.03468227481931563,0.01317354606436353
2024-08-06,2910.300048828125,2955.0,2902.64990234375,2912.10009765625,2912.10009765625,5118093,2990.760009765625,3072.9983642578127,2988.8140453574,3024.2225425336082,0.006028430346056934,0.013364082527087312
2024-08-07,2938.0,2945.0,2923.0,2929.64990234375,2929.64990234375,4087284,2984.585009765625,3073.710026041667,2978.056928445827,3018.1210818761983,0.006026511486203701,0.01341403504775529
2024-08-08,2915.050048828125,2930.0,2891.85009765625,2898.25,2898.25,6193596,2975.9300048828127,3069.3833577473956,2963.546577819313,3010.3874636906376,-0.010717970880626315,0.013695568115204176
2024-08-09,2920.0,2953.0,2912.0,2948.60009765625,2948.60009765625,3124888,2968.985009765625,3065.6333577473956,2960.829035971483,3006.401182011,0.017372586097213816,0.014520119357176306
2024-08-12,2940.0,2946.0,2915.5,2921.25,2921.25,4089667,2957.0900146484373,3058.6483561197915,2953.632847613031,3000.9075573651294,-0.009275621227167963,0.014251677341161196
